Episode,Loss
1,28331.338256835938
2,28920.645851135254
3,25314.727012634277
4,41602.52730560303
5,48353.00286102295
6,55506.68576049805
7,74640.03960418701
8,102466.85710144043
9,109210.46099853516
10,132120.09465026855
11,140730.04121398926
12,171190.34634399414
13,178890.5539855957
14,188852.51832580566
15,198145.3775024414
16,207472.56201171875
17,247852.48867797852
18,262842.74240112305
19,266543.9611816406
20,304310.49688720703
21,306446.1494140625
22,361732.00259399414
23,1028004.3797607422
24,1509754.5733032227
25,1709254.2078857422
26,1932430.6457519531
27,1715128.6690673828
28,2119613.3149414062
29,2277611.0310058594
30,2320573.957763672
31,2713047.5654296875
32,2975019.6580810547
33,3703652.5883789062
34,3872626.4213867188
35,3627541.4052734375
36,4071167.923461914
37,3939754.0369873047
38,4256656.8828125
39,4287204.665283203
40,5071206.676269531
41,5088780.950500488
42,5876949.737792969
43,6967807.335205078
44,8151728.223266602
45,9793555.915039062
46,10486239.661132812
47,10710239.224121094
48,10374404.947265625
49,10578563.948486328
50,10976825.142578125
51,11296455.153320312
52,10692647.607421875
53,10141123.606933594
54,10991934.122070312
55,12545590.676269531
56,13686947.154296875
57,14442821.404296875
58,16063890.778808594
59,16342819.6171875
60,19351127.849121094
61,19102318.770507812
62,20391765.334960938
63,23139414.370117188
64,25156489.1171875
65,28167294.50390625
66,26683419.889648438
67,25950489.68359375
68,25287387.326171875
69,31020098.845703125
70,33569859.2421875
71,35795936.806640625
72,38076808.2109375
73,35646022.1796875
74,39352739.0859375
75,39164957.302734375
76,37301024.560546875
77,34888463.71484375
78,32278082.181640625
79,29869211.2734375
80,30074847.642578125
81,26916357.23828125
82,23958850.446289062
83,23607517.466796875
84,25195480.228515625
85,22256134.5234375
86,22656473.697265625
87,22660706.767578125
88,20698429.701171875
89,22093216.780273438
90,19983008.072265625
91,20487259.569335938
92,21155802.366210938
93,20280366.791015625
94,20374623.555664062
95,20198109.01953125
96,20590337.3125
97,19650960.73828125
98,17983086.326171875
99,18741028.443359375
100,17048619.19140625
101,17806499.438476562
102,16844999.938476562
103,15819540.662109375
104,15611180.291992188
105,15814611.19921875
106,15384078.584960938
107,14331775.889648438
108,15062554.322265625
109,14935295.5859375
110,15744272.3984375
111,16127677.9765625
112,16884647.078125
113,17913666.779296875
114,17356863.603515625
115,17619355.853515625
116,17559541.908203125
117,17232512.158203125
118,17714726.354492188
119,17476727.701171875
120,17260440.8203125
121,17834970.349609375
122,20256124.671875
123,20105371.935546875
124,19527978.669921875
125,18874256.673828125
126,21099111.546875
127,23350151.078125
128,23416793.44921875
129,23565189.955078125
130,23391765.05078125
131,23881043.513671875
132,26649255.923828125
133,27066037.06640625
134,28041133.77734375
135,28175813.232421875
136,29384872.94921875
137,32129400.0859375
138,32243745.984375
139,34862920.22265625
140,36414166.943359375
141,37139171.49609375
142,39778721.12109375
143,39910382.08984375
144,38102738.125
145,37567068.3828125
146,38646652.58984375
147,42962726.748046875
148,44280690.26953125
149,42126301.03515625
150,43602953.6015625
151,42701750.33984375
152,43723017.0546875
153,43445562.48046875
154,42710818.96484375
155,42569966.3125
156,41710441.5078125
157,42134290.83203125
158,43430507.55078125
159,42019328.8125
160,39839146.3203125
161,41088350.8359375
162,43327335.62890625
163,41017991.91015625
164,39898723.8984375
165,46539753.30859375
166,44809687.05859375
167,45422915.01953125
168,45098463.087890625
169,42572845.04296875
170,43265752.828125
171,41490968.80078125
172,40058601.85546875
173,40846375.46875
174,38208704.25390625
175,39507839.296875
176,38303841.01171875
177,38378625.91015625
178,39925083.2890625
179,37660955.7265625
180,37536737.41015625
181,36454544.515625
182,36176160.1875
183,35445730.91796875
184,34026341.0078125
185,32945713.4375
186,34232231.9921875
187,33121720.7109375
188,29675092.037109375
189,29599063.13671875
190,30653755.02734375
191,30831545.57421875
192,30088888.015625
193,29583930.37109375
194,29430016.3828125
195,29183629.1875
196,29941008.734375
197,30409007.73046875
198,32288555.17578125
199,31208658.98828125
200,31552481.25390625
201,31579047.4609375
202,31658138.37890625
203,29455954.091796875
204,29960286.99609375
205,30978070.681640625
206,28758125.19921875
207,28421152.67578125
208,27478088.46484375
209,27637259.85546875
210,28669143.95703125
211,25865394.939453125
212,27854452.1484375
213,26592118.9609375
214,25970358.0078125
215,27618725.33203125
216,26735538.2109375
217,26794999.53515625
218,24209237.01953125
219,24010664.728515625
220,23283086.9296875
221,23272651.740234375
222,22661503.990234375
223,23821683.447265625
224,23071672.9609375
225,24200668.71484375
226,22999560.052734375
227,21621577.673828125
228,19429040.83203125
229,19222514.5625
230,19364507.564453125
231,19069463.33984375
232,19096701.380859375
233,19228162.46875
234,18719806.482421875
235,20218212.498046875
236,21605602.470703125
237,22299813.798828125
238,23272621.19140625
239,23008602.71484375
240,22887090.5625
241,24134179.2734375
242,25190904.400390625
243,27753123.22265625
244,26617632.1796875
245,25386019.578125
246,23949879.3125
247,22240975.654296875
248,20942741.068359375
249,22889870.4296875
250,21676871.602539062
251,21093344.95703125
252,20557012.609375
253,22864553.91796875
254,23977539.080078125
255,22934414.494140625
256,23296360.98828125
257,23180409.1484375
258,22879876.1484375
259,24087859.546875
260,26132876.560546875
261,27538391.107421875
262,28734338.7109375
263,27576599.3203125
264,28589491.8984375
265,27818990.45703125
266,27123402.0390625
267,27100695.94921875
268,28489216.669921875
269,29092113.861328125
270,28728916.345703125
271,30737252.00390625
272,30450842.4609375
273,31182047.677734375
274,32070558.6328125
275,33041646.1171875
276,32969233.7890625
277,30203599.6015625
278,29433942.708984375
279,30474721.9296875
280,29769630.2265625
281,31009354.96484375
282,30125365.96875
283,29014177.126953125
284,27894643.66015625
285,27977674.55859375
286,28253514.953125
287,30827539.875
288,29102553.806640625
289,28128973.341796875
290,29259731.7734375
291,29433846.37109375
292,31070567.39453125
293,30615687.94921875
294,29445640.88671875
295,28473397.837890625
296,28515528.3671875
297,29529887.544921875
298,29650283.57421875
299,30605250.19921875
300,30127502.447265625
301,31847159.2421875
302,30335516.93359375
303,31110413.9921875
304,33923746.6796875
305,31922596.8671875
306,33243972.1328125
307,31458512.76171875
308,31998299.31640625
309,32532045.514648438
310,33204803.70703125
311,31412549.0390625
312,31418978.95703125
313,32006874.234375
314,30267410.38671875
315,28047696.724609375
316,28838139.95703125
317,29174456.578125
318,28494182.85546875
319,28123873.78125
320,26967652.0390625
321,28545007.53125
322,28546240.515625
323,27667747.99609375
324,28197784.8359375
325,26971725.515625
326,26556758.48046875
327,26160436.484375
328,26485126.388671875
329,26845224.6796875
330,24528434.12890625
331,25133728.900390625
332,25060462.91015625
333,24527194.7578125
334,24439176.421875
335,24157327.75
336,23736051.130859375
337,23140571.681640625
338,23707274.275390625
339,24414666.65625
340,23855706.5625
341,24308819.50390625
342,23797424.146484375
343,23881833.66015625
344,23504326.060546875
345,23549144.994140625
346,23432503.9140625
347,23267068.90234375
348,23602178.296875
349,23681308.04296875
350,23090018.3203125
351,23022321.650390625
352,23060710.5625
353,21991067.763671875
354,21821135.2734375
355,21674615.01953125
356,21520719.181640625
357,21446737.53515625
358,21533770.2265625
359,21152943.05078125
360,22389712.5859375
361,21798090.453125
362,21651104.05078125
363,22033990.953125
364,21783623.0390625
365,21513774.609375
366,20935912.03125
367,21754560.513671875
368,21798936.890625
369,20095365.04296875
370,20643880.41015625
371,20974477.3046875
372,20634736.140625
373,19898343.66796875
374,20374029.033203125
375,20027807.666015625
376,19385727.8671875
377,19986081.841796875
378,19223637.67578125
379,20119454.033203125
380,21129034.9453125
381,19935055.84375
382,20094539.869140625
383,20506347.326171875
384,21769356.5546875
385,21779660.013671875
386,20214546.58203125
387,20511540.708984375
388,21310794.970703125
389,20418396.685546875
390,19318921.05078125
391,21003868.310546875
392,20032782.0
393,19757610.81640625
394,18878132.736328125
395,19603764.810546875
396,19953043.33203125
397,18331404.66015625
398,19014062.966796875
399,19669632.2890625
400,19707993.69140625
401,18540330.8515625
402,18874481.341796875
403,18812585.783203125
404,18342313.49609375
405,17715168.99609375
406,17756082.642578125
407,18806394.375
408,18305506.025390625
409,16347024.83984375
410,16306630.3828125
411,16906892.203125
412,16309660.88671875
413,16851945.224609375
414,16576140.892578125
415,16125856.1171875
416,17182623.1484375
417,16230928.322265625
418,17545917.021484375
419,18093134.6171875
420,18101770.619140625
421,18098930.748046875
422,17363056.75
423,16426602.533203125
424,16759280.375
425,16558067.140625
426,17419349.880859375
427,17330611.154296875
428,16840325.576171875
429,17836791.87109375
430,20359671.833984375
431,20799089.376953125
432,20937630.357421875
433,19670811.685546875
434,21121512.798828125
435,21963395.505859375
436,21291671.224609375
437,20736400.201171875
438,22504108.0859375
439,21207889.068359375
440,23983287.921875
441,23066232.439453125
442,23699844.61328125
443,24121399.62109375
444,22930675.291015625
445,22809365.6875
446,24781126.015625
447,24785976.478515625
448,26028182.53515625
449,25671867.376953125
450,24739075.8359375
451,25322643.7578125
452,24533925.27734375
453,25426537.021484375
454,23923641.875
455,24156893.73046875
456,23686626.4453125
457,25036077.28125
458,23841613.1484375
459,22671943.935546875
460,24284054.943359375
461,24866659.53125
462,25072180.328125
463,23202934.623046875
464,23473689.876953125
465,21925649.54296875
466,21674550.822265625
467,23717903.984375
468,25905793.46484375
469,25249440.91015625
470,24741087.7421875
471,24233890.91015625
472,24251441.0859375
473,23129581.017578125
474,23308795.27734375
475,24391761.861328125
476,25161908.189453125
477,26138183.314453125
478,25443944.7265625
479,24730921.751953125
480,25758722.87890625
481,25923932.60546875
482,27102392.478515625
483,28082640.322265625
484,28745417.03515625
485,28761276.28515625
486,30201853.86328125
487,28311582.61328125
488,28559162.41015625
489,28292117.26171875
490,30266699.111328125
491,30131145.41015625
492,30526610.1484375
493,30067277.57421875
494,31551474.48046875
495,32194907.1875
496,31269401.5546875
497,33756285.609375
498,31513554.5625
499,28573537.74609375
500,30539702.453125
501,30450907.09765625
502,29826654.68359375
503,29891872.62890625
504,31626160.0625
505,33996125.40625
506,33643560.78125
507,34580761.12890625
508,35374344.828125
509,38681604.4296875
510,37865381.75
511,36993617.19140625
512,36599071.05859375
513,37723429.83984375
514,36713651.33984375
515,36352003.80859375
516,37398912.29296875
517,39698261.12109375
518,41759122.7109375
519,42646738.30078125
520,40793403.078125
521,40638856.21484375
522,40938399.08984375
523,38324631.65625
524,40420971.12890625
525,43074625.109375
526,40035089.6796875
527,38523872.595703125
528,38338028.08984375
529,37705750.6953125
530,40403241.01171875
531,39803649.0703125
532,38596955.12109375
533,40721725.7734375
534,39859593.44921875
535,40089252.1875
536,38436351.7421875
537,38111820.53515625
538,37848424.77734375
539,40345161.240234375
540,40863172.6796875
541,40393258.49609375
542,39483588.16015625
543,40234389.75390625
544,41794457.2421875
545,41761553.52734375
546,42049265.3671875
547,42560131.21875
548,38279251.611328125
549,43065934.9921875
550,42761137.08984375
551,44145623.71875
552,45199732.421875
553,45980115.40234375
554,44265632.6328125
555,44145691.82421875
556,43440796.2578125
557,41834802.796875
558,43073534.93359375
559,41108218.14453125
560,39997673.7890625
561,41214086.7265625
562,38856466.08984375
563,38475438.21484375
564,38802398.40234375
565,37156621.08203125
566,37641746.7265625
567,35144236.734375
568,36512556.8203125
569,36920617.37109375
570,38415930.01953125
571,36565292.4921875
572,36855409.89453125
573,36975457.98046875
574,36595195.9765625
575,36474402.375
576,36070466.23828125
577,34171628.14453125
578,34356140.34375
579,33631166.7421875
580,33099627.36328125
581,32983052.78125
582,31137789.6796875
583,31557106.2265625
584,30370780.66015625
585,29356257.0234375
586,28881048.2109375
587,27911987.22265625
588,27515266.685546875
589,27022884.47265625
590,27160620.9921875
591,26142821.57421875
592,26542802.62890625
593,26497289.2890625
594,26190151.369140625
595,26460666.25390625
596,26484154.08984375
597,26534316.169921875
598,25169685.81640625
599,24234925.857421875
600,23699127.412109375
601,24543777.05859375
602,24537259.5234375
603,24002227.6171875
604,24698839.83203125
605,24576383.47265625
606,23691430.92578125
607,23674095.39453125
608,24561032.79296875
609,25324789.140625
610,24247866.681640625
611,24196175.73046875
612,23515060.37109375
613,22857603.8984375
614,22684650.9609375
615,22598981.8203125
616,21962230.892578125
617,22177909.78125
618,21717669.685546875
619,22083030.953125
620,23010459.4921875
621,23379865.154296875
622,23067733.671875
623,23071014.724609375
624,23262403.15234375
625,22293260.76171875
626,22249698.80078125
627,21651946.193359375
628,21670594.298828125
629,21457085.2734375
630,20616920.771484375
631,20352170.986328125
632,20648069.85546875
633,20271485.63671875
634,21345672.630859375
635,21342642.3125
636,21910052.40625
637,21592411.341796875
638,21101607.416015625
639,21316860.0
640,20086538.25390625
641,22020590.640625
642,21396830.27734375
643,21806456.1015625
644,22285661.671875
645,21566647.681640625
646,22965881.55859375
647,22817014.45703125
648,21581318.13671875
649,21756047.2890625
650,21961278.58203125
651,22553509.828125
652,22694248.919921875
653,23522173.681640625
654,22172672.537109375
655,24643248.830078125
656,24564646.984375
657,24384079.71875
658,25031892.791015625
659,26211280.4453125
660,25352183.36328125
661,24859837.486328125
662,24754576.09765625
663,25606570.91796875
664,25939952.2734375
665,26307442.66796875
666,26276548.9609375
667,25322700.111328125
668,27295865.484375
669,26279930.46484375
670,26838362.201171875
671,26225379.65625
672,26123028.740234375
673,26281774.689453125
674,27095104.701171875
675,25998429.025390625
676,26510981.658203125
677,25424718.90625
678,26079637.474609375
679,24595447.09375
680,26721516.029296875
681,26626528.62109375
682,25657319.9921875
683,25173875.08984375
684,25384753.61328125
685,26324948.34375
686,26112704.869140625
687,25357381.09375
688,25284365.232421875
689,25889594.97265625
690,26532724.91015625
691,25526979.880859375
692,25970772.5859375
693,26254668.83984375
694,26107865.31640625
695,25703965.55078125
696,25789595.1953125
697,26397029.005859375
698,28576180.4140625
699,27440665.53515625
700,26809092.736328125
701,25840090.5078125
702,27472618.26171875
703,27788274.140625
704,26605375.01171875
705,27124488.13671875
706,27302920.095703125
707,27750081.28515625
708,26771173.90625
709,26617114.4609375
710,26929841.00390625
711,26858236.4609375
712,27649897.2890625
713,27016287.48828125
714,27491042.0546875
715,28118659.8984375
716,28969465.7734375
717,28586258.3125
718,28998312.5859375
719,29512803.59375
720,29067326.046875
721,29212310.2421875
722,28957666.86328125
723,29361671.4765625
724,30489797.4453125
725,28726589.1484375
726,28300003.1015625
727,29271113.93359375
728,29848489.55859375
729,29097627.61328125
730,29009941.587890625
731,27943152.21484375
732,28227099.8984375
733,30102129.1640625
734,30206279.2421875
735,29570264.5234375
736,31124281.41015625
737,29918402.296875
738,30743896.8125
739,30927154.734375
740,31367968.8984375
741,31871477.140625
742,32479924.98046875
743,33241237.5859375
744,32382432.9609375
745,33262729.94140625
746,35778590.75
747,35775419.11328125
748,37728144.0703125
749,37420919.158203125
750,36298406.375
751,35777432.11328125
752,37824768.81640625
753,39933629.0234375
754,38633577.3515625
755,40046226.1171875
756,39413325.421875
757,39753846.01171875
758,38803803.05078125
759,40357017.69140625
760,39420347.18359375
761,39627968.07421875
762,40798441.2890625
763,42740444.421875
764,41219538.5390625
765,40061823.79296875
766,39732371.046875
767,41908252.578125
768,39398382.00390625
769,39916538.26171875
770,40570893.68359375
771,38734016.6796875
772,37531707.99609375
773,38299254.79296875
774,36808482.9140625
775,38255556.6875
776,37677857.85546875
777,38027361.83984375
778,39137922.625
779,38018307.984375
780,38655069.890625
781,38687908.78125
782,39248563.2578125
783,38673166.09375
784,40223628.984375
785,38413930.390625
786,39967848.85546875
787,39979729.9453125
788,40189091.51953125
789,39586295.6484375
790,37935323.5625
791,37563160.046875
792,38944847.93359375
793,38810420.0
794,36367790.6875
795,35815139.39453125
796,35806172.1796875
797,37645227.76953125
798,37817134.619140625
799,39218351.08203125
800,36719777.203125
801,35512580.9296875
802,36602323.04296875
803,37181441.82421875
804,36228655.859375
805,37683053.14453125
806,37618588.6875
807,39148075.12890625
808,36910735.69921875
809,36641613.578125
810,36082857.5703125
811,37164720.86328125
812,35878727.05859375
813,35061556.97265625
814,35359722.2265625
815,34408964.98828125
816,35957492.359375
817,35904617.0078125
818,36145118.09765625
819,34205199.921875
820,33512914.421875
821,33272492.0625
822,33864030.56640625
823,33732105.11328125
824,33192728.609375
825,33191169.54296875
826,33156332.73046875
827,33377481.4296875
828,32892182.63671875
829,33447965.5625
830,33088718.12109375
831,34203909.76953125
832,32989546.26953125
833,33180191.99609375
834,32812459.546875
835,33821439.29296875
836,33165264.65234375
837,34166843.65234375
838,33013242.92578125
839,33160767.56640625
840,34155668.56640625
841,34563170.4296875
842,33456388.18359375
843,32542510.91796875
844,34157356.0859375
845,34074337.734375
846,34198503.77734375
847,34187362.015625
848,35781392.21875
849,35217821.3125
850,35620334.43359375
851,36327090.61328125
852,37699410.5078125
853,38112801.9609375
854,37343511.90625
855,36972493.74609375
856,36855752.51171875
857,36462941.65625
858,37061905.14453125
859,35279445.05078125
860,35203159.40625
861,37487086.25
862,36875861.8515625
863,36803571.25
864,36878799.6328125
865,37529135.94140625
866,36697304.4375
867,37255691.8828125
868,39535364.55078125
869,39782126.9921875
870,39124625.703125
871,37244754.39453125
872,35230135.0625
873,35888156.43359375
874,38307483.34765625
875,38484233.97265625
876,39100101.19140625
877,37727016.87109375
878,36762702.71484375
879,36195691.24609375
880,36305071.11328125
881,36760668.50390625
882,36485870.82421875
883,36817416.69140625
884,38593718.29296875
885,36602716.0
886,36119004.37890625
887,37275652.078125
888,39048538.484375
889,38446517.79296875
890,39596060.87890625
891,36548925.7265625
892,39236162.203125
893,37178736.7890625
894,37257199.4609375
895,38133361.19921875
896,36388219.462890625
897,35860894.02734375
898,36303945.0546875
899,38026635.5078125
900,36372012.56640625
901,35740193.48828125
902,35640693.53515625
903,38118736.0234375
904,34673578.05859375
905,35210192.6328125
906,35789865.28125
907,34576429.796875
908,35306533.61328125
909,35651342.9375
910,36581109.59765625
911,36064511.62890625
912,35870930.484375
913,34573549.65625
914,35650229.5390625
915,35128728.828125
916,33318026.80859375
917,33544888.63671875
918,33390365.94921875
919,34742787.015625
920,33096466.91015625
921,33063158.9140625
922,32492291.171875
923,31789492.89453125
924,33111003.8359375
925,31999842.6640625
926,32438931.61328125
927,31697767.109375
928,30843944.03515625
929,30815387.58984375
930,31955293.328125
931,32453062.328125
932,31354653.51171875
933,31168106.22265625
934,31943173.00390625
935,31994921.23828125
936,31107111.994140625
937,31829706.3125
938,31360511.048828125
939,33984498.203125
940,32030932.828125
941,33245470.1875
942,31791335.3828125
943,31344608.02734375
944,31625147.6328125
945,30314259.8984375
946,30409094.375
947,31493245.85546875
948,31238363.3828125
949,32483152.97265625
950,32310054.37890625
951,31502386.1328125
952,31333715.17578125
953,31047487.66796875
954,31968796.109375
955,32944303.328125
956,32141576.05859375
957,32383188.4921875
958,33184865.1328125
959,33117667.91015625
960,33111788.8359375
961,31513162.73046875
962,32981495.1328125
963,33058261.2890625
964,34030915.08203125
965,35428325.30859375
966,32801534.58203125
967,35102778.0859375
968,34046993.546875
969,33887241.328125
970,33279947.0390625
971,33712133.5234375
972,33421631.953125
973,34410002.23828125
974,33689725.7265625
975,33749518.4375
976,33390932.7421875
977,33519161.08984375
978,33264060.63671875
979,34741791.1015625
980,33299048.98828125
981,32126808.16015625
982,32510553.24609375
983,29524655.9140625
984,30516408.0
985,31796413.734375
986,31635104.0859375
987,32560448.78125
988,32857510.92578125
989,31087662.66015625
990,29412128.92578125
991,29882409.26171875
992,28922243.61328125
993,28208213.234375
994,27965540.984375
995,27960687.73828125
996,29032250.703125
997,28940666.60546875
998,28998114.04296875
999,27589266.5625
1000,27987927.921875
1001,27565579.421875
1002,28897266.1171875
1003,29239797.015625
1004,29811737.15625
1005,30512573.71875
1006,29119973.509765625
1007,27907831.798828125
1008,28555784.53125
1009,29742438.1875
1010,30328902.37890625
1011,28687694.1796875
1012,27635758.76953125
1013,28620161.15625
1014,29021119.2421875
1015,28124770.431640625
1016,28440967.369140625
1017,28241129.8828125
1018,27913665.154296875
1019,26427444.865234375
1020,27255624.646484375
1021,27747126.7578125
1022,26304287.484375
1023,26585155.880859375
1024,27387587.27734375
1025,27232187.30078125
1026,26817777.34765625
1027,28406581.7265625
1028,27455788.642578125
1029,26086430.02734375
1030,26584213.107421875
1031,27821323.98828125
1032,25740089.578125
1033,27280051.453125
1034,26559588.765625
1035,26598261.396484375
1036,26927754.63671875
1037,26467379.095703125
1038,26740533.671875
1039,26819023.30859375
1040,27823407.0
1041,27839218.841796875
1042,28005099.220703125
1043,27940927.62109375
1044,28060494.35546875
1045,28402036.0234375
1046,28059123.71484375
1047,28114148.73046875
1048,28712369.75
1049,29496042.8671875
1050,29031311.41015625
1051,29562316.4296875
1052,28561576.703125
1053,28750487.21484375
1054,27552476.265625
1055,26672583.546875
1056,26753379.259765625
1057,27865483.140625
1058,28314500.453125
1059,27875385.9140625
1060,27359964.32421875
1061,27572245.74609375
1062,28097110.96484375
1063,27542589.4921875
1064,28524995.37109375
1065,30048501.02734375
1066,28555710.2578125
1067,28192717.9921875
1068,27561736.53515625
1069,28719343.50390625
1070,28712015.13671875
1071,29864091.888671875
1072,28766625.421875
1073,29744750.76171875
1074,29596659.86328125
1075,29961250.68359375
1076,29017693.193359375
1077,30258519.26171875
1078,29154653.88671875
1079,29450957.41015625
1080,30044235.2109375
1081,30442544.671875
1082,28690506.009765625
1083,28505125.609375
1084,29593338.45703125
1085,30523463.83203125
1086,30192800.375
1087,29039889.88671875
1088,30843742.91796875
1089,32371632.6953125
1090,32961904.078125
1091,35984828.2578125
1092,35193716.80859375
1093,34544585.8125
1094,34260131.67578125
1095,34091808.99609375
1096,32007492.6484375
1097,34039412.61328125
1098,31936860.83203125
1099,32206930.39453125
1100,35259761.421875
1101,36697689.23046875
1102,38359484.33984375
1103,37510405.28515625
1104,39368262.6875
1105,38533896.91796875
1106,37814459.57421875
1107,39214990.46875
1108,39913321.15234375
1109,39123074.55859375
1110,38707113.859375
1111,40022725.14453125
1112,41657977.94140625
1113,42781018.4765625
1114,43837952.80859375
1115,45098311.4453125
1116,44305629.6953125
1117,43770053.171875
1118,45127815.76953125
1119,44600533.4140625
1120,44066136.171875
1121,44880245.56640625
1122,47861742.15625
1123,47063464.03515625
1124,48351331.6015625
1125,48013246.1875
1126,47994198.46875
1127,46463871.78515625
1128,47178997.0390625
1129,47841169.421875
1130,46634432.609375
1131,46568939.1953125
1132,47047123.3125
1133,48852422.859375
1134,49042537.30859375
1135,48238373.734375
1136,49857994.5703125
1137,49608835.09375
1138,48760007.203125
1139,50744970.4921875
1140,50245066.1796875
1141,51661052.390625
1142,49211809.9296875
1143,49149199.80078125
1144,47817001.17578125
1145,48139849.7890625
1146,45849084.06640625
1147,45521255.16015625
1148,43058175.125
1149,45940907.7109375
1150,43755207.62890625
1151,42122637.75
1152,42520491.16796875
1153,41897986.07421875
1154,41489412.0
1155,43140456.13671875
1156,43325311.32421875
1157,40724733.03125
1158,43123378.97265625
1159,43464141.12109375
1160,43325460.1015625
1161,44368195.24609375
1162,44030466.171875
1163,41325100.8359375
1164,39903458.85546875
1165,39303178.4765625
1166,40148111.0703125
1167,39694977.82421875
1168,39925861.0234375
1169,40037524.5859375
1170,38701270.8046875
1171,37292943.60546875
1172,36002873.3046875
1173,38006080.0703125
1174,36168089.30859375
1175,35596726.3125
1176,35982800.6015625
1177,35711817.22265625
1178,35273568.93359375
1179,33906945.126953125
1180,33503065.44140625
1181,31789573.703125
1182,29961671.65625
1183,28798962.390625
1184,28011213.484375
1185,27607398.36328125
1186,27726773.64453125
1187,25772748.68359375
1188,25524203.921875
1189,25362592.693359375
1190,23573896.556640625
1191,23311818.31640625
1192,24402636.84765625
1193,21796891.8359375
1194,22145740.55859375
1195,20817640.74609375
1196,21232080.46875
1197,21471677.099609375
1198,20761185.73046875
1199,20747377.341796875
1200,19873552.24609375
1201,19458237.69140625
1202,19262796.94140625
1203,18597608.404296875
1204,19252144.37109375
1205,19217984.6015625
1206,19275147.048828125
1207,18863622.09765625
1208,18913188.580078125
1209,18240796.12890625
1210,18248623.931640625
1211,18231261.189453125
1212,17812101.6484375
1213,18629214.708984375
1214,17939745.33984375
1215,17321820.7578125
1216,17428653.322265625
1217,17433216.09375
1218,16544448.5859375
1219,16954602.521484375
1220,16491821.6640625
1221,16086810.767578125
1222,15503177.859375
1223,16068910.17578125
1224,16402783.908203125
1225,16038923.78125
1226,17386073.111328125
1227,17216879.540527344
1228,18211413.271484375
1229,17203786.828125
1230,17903064.6015625
1231,17286833.912109375
1232,17553001.58203125
1233,17730743.568359375
1234,17967547.322265625
1235,18700885.17578125
1236,18371939.64453125
1237,19141880.19921875
1238,18548377.421875
1239,18171270.79296875
1240,17818954.791015625
1241,18479337.181640625
1242,18464137.259765625
1243,18249671.349609375
1244,18431353.185546875
1245,18196629.439453125
1246,18658693.823242188
1247,18038526.359375
1248,18271231.693359375
1249,18158324.896484375
1250,19428443.607421875
1251,18063212.0
1252,18788910.123046875
1253,18969601.341796875
1254,18796229.79296875
1255,18616790.724609375
1256,17828576.776367188
1257,17899985.453125
1258,19240537.115234375
1259,19010201.3125
1260,18994786.037109375
1261,20699865.970703125
1262,19303780.326171875
1263,18921285.615234375
1264,18046938.599609375
1265,18221884.7109375
1266,17947677.599609375
1267,18733756.962890625
1268,17556986.521484375
1269,18180795.2109375
1270,17621857.8984375
1271,17983004.58203125
1272,18610231.47265625
1273,17293512.5703125
1274,17171326.533203125
1275,17465773.30078125
1276,17151768.06640625
1277,17674076.31640625
1278,17276147.494140625
1279,17030076.380859375
1280,19390296.66015625
1281,18553696.646484375
1282,18331213.947265625
1283,18373362.7578125
1284,17588367.359375
1285,15901091.689453125
1286,16819523.8671875
1287,17084936.34765625
1288,16353718.794921875
1289,17325661.658203125
1290,16782956.525390625
1291,16297027.302734375
1292,16670523.455078125
1293,16370864.818359375
1294,15880726.564453125
1295,16559628.771484375
1296,16789287.78515625
1297,15652529.798828125
1298,16968363.58203125
1299,16375083.82421875
1300,16261668.1796875
1301,16701524.572265625
1302,16730955.31640625
1303,16545667.232421875
1304,16218074.1875
1305,16676010.765625
1306,17389043.81640625
1307,16532627.271484375
1308,17085791.041015625
1309,16811813.975585938
1310,16668612.521484375
1311,17173516.40625
1312,16408974.93359375
1313,16494103.487304688
1314,16658832.298828125
1315,16766375.236328125
1316,15155174.14453125
1317,15361352.69140625
1318,16477960.3515625
1319,16289617.111328125
1320,16846868.041015625
1321,16981768.80078125
1322,18092480.509765625
1323,18234325.4453125
1324,17661479.232421875
1325,17871226.056640625
1326,16554805.134765625
1327,16622844.482421875
1328,16713422.40625
1329,16585240.330078125
1330,16825814.07421875
1331,16580448.96484375
1332,18074113.76171875
1333,17399689.560546875
1334,17405848.35546875
1335,17664732.7734375
1336,16828981.6328125
1337,17448236.216796875
1338,17319573.650390625
1339,17562992.873046875
1340,16758990.619140625
1341,16480923.724609375
1342,16666477.921875
1343,17316703.546875
1344,18346580.013671875
1345,19822648.828125
1346,18365233.771484375
1347,19263731.72265625
1348,18860112.318359375
1349,19096273.392578125
1350,20720419.505859375
1351,19439712.71484375
1352,19916510.251953125
1353,21929015.044921875
1354,21544786.85546875
1355,21721385.38671875
1356,21442028.515625
1357,20460840.78515625
1358,21535593.8671875
1359,22034322.543945312
1360,20879640.9921875
1361,21222252.138671875
1362,21689392.529296875
1363,20676293.439453125
1364,20890364.607421875
1365,22175932.5234375
1366,23313248.318359375
1367,26208603.296875
1368,28411662.64453125
1369,30186562.34765625
1370,31493411.59765625
1371,29109400.052734375
1372,32498702.421875
1373,34848069.091796875
1374,33544619.8125
1375,34167847.94921875
1376,34788669.10546875
1377,33538652.4921875
1378,35198149.0234375
1379,33626985.21875
1380,34235814.7265625
1381,34793603.326171875
1382,33931424.60546875
1383,35692564.9296875
1384,35888905.05078125
1385,33972686.4375
1386,34171401.49609375
1387,34763990.40625
1388,38919175.60546875
1389,39520763.26953125
1390,40793576.19921875
1391,42171429.16015625
1392,41365504.953125
1393,41440526.83203125
1394,43612459.140625
1395,40885214.2734375
1396,40288918.9296875
1397,36750243.6171875
1398,37864469.94921875
1399,37648264.7890625
1400,35687002.734375
1401,36720904.73828125
1402,36383125.80859375
1403,37288342.87109375
1404,35286260.97265625
1405,38079486.8828125
1406,37717856.3828125
1407,37714012.15234375
1408,35974563.6953125
1409,36247433.775390625
1410,34339272.52734375
1411,34712414.515625
1412,33076053.0703125
1413,32932837.0859375
1414,32304134.5078125
1415,31593387.26171875
1416,30510621.72265625
1417,31108496.6484375
1418,29410310.544921875
1419,29808280.615234375
1420,31330124.85546875
1421,31575890.78125
1422,31629629.47265625
1423,31236926.56640625
1424,30433839.546875
1425,30389038.404296875
1426,30538994.53125
1427,30042765.9609375
1428,29955810.57421875
1429,28699100.421875
1430,27962905.30859375
1431,28817060.78515625
1432,27053599.048828125
1433,26628756.44140625
1434,25507994.133789062
1435,25724282.2265625
1436,25830517.01171875
1437,24641105.943359375
1438,24421090.310546875
1439,23928212.72265625
1440,23444841.017578125
1441,24111290.48828125
1442,23639643.9296875
1443,22386307.521484375
1444,23184284.4921875
1445,22779534.421875
1446,23375233.33984375
1447,23578462.46484375
1448,21421478.8984375
1449,21328591.65625
1450,21264714.779296875
1451,21811229.65234375
1452,22070612.82421875
1453,22155878.6484375
1454,22060956.5390625
1455,21640050.107421875
1456,22522010.615234375
1457,23297058.666015625
1458,22594787.380859375
1459,23057573.8046875
1460,22242004.677734375
1461,22039122.865234375
1462,21654964.03125
1463,21562201.63671875
1464,22572153.20703125
1465,21757840.8359375
1466,21726724.501953125
1467,22235288.08984375
1468,21936045.865234375
1469,21579566.509765625
1470,21628588.421875
1471,21360781.939453125
1472,21777550.27734375
1473,22518468.953125
1474,21749972.54296875
1475,22704610.58984375
1476,22551422.060546875
1477,21798568.6484375
1478,22169259.751953125
1479,22956005.705078125
1480,22803217.8828125
1481,23175981.033203125
1482,23647725.435546875
1483,23188544.279296875
1484,24358768.171875
1485,23614338.47265625
1486,22329998.94140625
1487,23578382.26953125
1488,23197826.64453125
1489,22614944.321289062
1490,23069864.8984375
1491,23008551.4140625
1492,23586622.85546875
1493,21907500.37109375
1494,23004965.45703125
1495,21272431.383789062
1496,22351493.015625
1497,22731947.078125
1498,22695654.84375
1499,23102524.068359375
1500,22612223.951171875
1501,23096058.537109375
1502,21224450.08203125
1503,21791506.3671875
1504,22553584.888671875
1505,21914474.4140625
1506,21913497.5
1507,22698052.314453125
1508,22627264.888671875
1509,22486898.96875
1510,22467001.150390625
1511,22611342.724609375
1512,22655956.6484375
1513,22840767.015625
1514,24250301.85546875
1515,24869910.822265625
1516,26306009.58203125
1517,25398952.68359375
1518,24991956.578125
1519,25794030.525390625
1520,25160767.705078125
1521,24852828.05078125
1522,26711953.23828125
1523,25019276.58984375
1524,26110193.15625
1525,24595284.353515625
1526,23580988.59765625
1527,20021201.240234375
1528,21532569.427734375
1529,21416326.009765625
1530,23315747.16015625
1531,23495613.54296875
1532,21157744.490234375
1533,18042357.509765625
1534,18406732.32421875
1535,16903178.20703125
1536,16017598.5390625
1537,15368747.672851562
1538,15735916.864257812
1539,15319091.51953125
1540,14526768.041015625
1541,14397179.18359375
1542,14495958.974609375
1543,14071300.169921875
1544,13867052.3984375
1545,12303231.455078125
1546,12940004.653320312
1547,12862552.833007812
1548,13009432.791992188
1549,12988562.47265625
1550,12850946.05078125
1551,12522854.057617188
1552,13176443.239257812
1553,13114991.919921875
1554,12945017.486328125
1555,12812760.64453125
1556,13301641.668945312
1557,14485559.951171875
1558,13898741.21875
1559,14123065.77734375
1560,13410800.52734375
1561,13820768.283203125
1562,13235401.262695312
1563,11755974.844726562
1564,13118002.516601562
1565,12707895.172851562
1566,13746215.188476562
1567,13969852.240234375
1568,15335651.501953125
1569,15850861.79296875
1570,14903460.146484375
1571,16132161.620117188
1572,16502924.143554688
1573,17832516.310546875
1574,17865746.110351562
1575,20978597.4140625
1576,20412588.962890625
1577,20214605.567382812
1578,21470838.4375
1579,22945288.486328125
1580,21128146.9453125
1581,22000515.44921875
1582,22463313.091796875
1583,22832086.534179688
1584,24342145.6953125
1585,25648881.23046875
1586,27320964.58984375
1587,29330243.427734375
1588,29318601.224609375
1589,29539096.130859375
1590,29321731.6953125
1591,32463462.984375
1592,33488518.640625
1593,34332946.1875
1594,35606335.16015625
1595,34411037.35546875
1596,34253613.80078125
1597,36576102.115234375
1598,36375560.890625
1599,39201751.8828125
1600,41773140.794921875
1601,44317236.29296875
1602,42173276.828125
1603,47569304.578125
1604,48714641.625
1605,49759401.89453125
1606,48637893.00390625
1607,52353873.421875
1608,55760629.75
1609,57845831.0234375
1610,59437392.73828125
1611,57883567.546875
1612,59830207.46875
1613,63145344.67578125
1614,69361606.7109375
1615,73590833.859375
1616,72041637.57421875
1617,71386130.25
1618,76693175.8515625
1619,71602107.15625
1620,70312627.6015625
1621,69314956.7109375
1622,69258574.625
1623,68899976.6796875
1624,72295931.328125
1625,79464866.1875
1626,79839442.2109375
1627,83206380.7578125
1628,84984115.6796875
1629,83388567.94140625
1630,82371220.484375
1631,81243800.7421875
1632,89541552.171875
1633,94228463.171875
1634,90659817.2578125
1635,92106296.5625
1636,88291295.8984375
1637,92327782.765625
1638,84807368.61328125
1639,84657007.3046875
1640,79445956.078125
1641,82224823.44921875
1642,85485707.75
1643,82117010.328125
1644,73092714.734375
1645,70368549.421875
1646,70918582.71875
1647,66827617.1171875
1648,64850018.125
1649,69096886.6796875
1650,58602186.734375
1651,59873614.546875
1652,64158158.18359375
1653,56639461.6484375
1654,58936181.52734375
1655,60842109.62109375
1656,63683685.71484375
1657,57664105.359375
1658,61000456.90625
1659,61007393.265625
1660,61172021.9140625
1661,59439115.0703125
1662,60290425.90625
1663,60263828.8984375
1664,59640665.59765625
1665,53451314.59765625
1666,53305475.5546875
1667,54496553.265625
1668,54868843.890625
1669,51536977.4765625
1670,50638296.65625
1671,51512997.0078125
1672,50413126.4375
1673,49537458.21875
1674,50407961.61328125
1675,49595542.0859375
1676,48213100.984375
1677,44991146.5546875
1678,50096907.1875
1679,51513410.890625
1680,47529187.015625
1681,46213160.7890625
1682,50314729.26953125
1683,48458036.04296875
1684,48410818.8515625
1685,48287196.46875
1686,47385000.1640625
1687,47376108.46875
1688,44524913.21484375
1689,43392192.171875
1690,42249107.32421875
1691,43114177.5234375
1692,41748369.41796875
1693,44491951.38671875
1694,43605042.8359375
1695,41504829.1953125
1696,42592125.10546875
1697,39927335.38671875
1698,40841357.57421875
1699,39078157.96484375
1700,40958710.4453125
1701,42195615.6484375
1702,40188272.26171875
1703,39272117.3671875
1704,38360763.85546875
1705,40054522.48046875
1706,36370995.85546875
1707,38195750.296875
1708,38094177.14453125
1709,36791872.70703125
1710,40014656.935546875
1711,38546435.3046875
1712,40872740.62890625
1713,38728769.5
1714,38542273.08984375
1715,37406165.64453125
1716,39052112.85546875
1717,39710082.98828125
1718,36644561.765625
1719,37308734.27734375
1720,37759982.3359375
1721,39562955.14453125
1722,36644033.69140625
1723,35706896.30859375
1724,37762132.09765625
1725,35958391.28515625
1726,35786423.3046875
1727,34687009.11328125
1728,36059705.95703125
1729,36198759.9765625
1730,38163847.42578125
1731,39157603.98828125
1732,36701138.16015625
1733,35947610.62109375
1734,37172390.27734375
1735,36565082.12890625
1736,35468789.578125
1737,34506690.5859375
1738,36248680.10546875
1739,34013852.31640625
1740,35132559.7421875
1741,34363616.646484375
1742,34938591.189453125
1743,35173554.625
1744,36268208.0078125
1745,33679088.09765625
1746,34686828.3828125
1747,35601085.90234375
1748,32202018.380859375
1749,34817547.89453125
1750,32867384.67578125
1751,33678145.3203125
1752,32306160.78515625
1753,33209393.06640625
1754,31907646.8203125
1755,32637688.99609375
1756,33015056.83984375
1757,33141788.4453125
1758,31501739.3984375
1759,31017937.5078125
1760,31884582.18359375
1761,30774148.13671875
1762,30755701.6875
1763,29149061.05859375
1764,26746564.19140625
1765,27082585.48046875
1766,26968829.744140625
1767,26417540.671875
1768,27123964.90234375
1769,26454636.595703125
1770,27633956.7265625
1771,27909984.875
1772,27787204.54296875
1773,26693177.12890625
1774,25675453.98046875
1775,25591638.8828125
1776,24464903.3515625
1777,25886989.69140625
1778,26066960.75
1779,24837003.306640625
1780,24309453.931640625
1781,23386201.138671875
1782,23949745.859375
1783,23110849.443359375
1784,23630398.109375
1785,23346343.224609375
1786,24303593.931640625
1787,24051821.34375
1788,24038273.00390625
1789,24057146.080078125
1790,23557486.408203125
1791,22133792.8515625
1792,21157027.2890625
1793,20234482.68359375
1794,20351258.543945312
1795,19313613.755859375
1796,20345148.703125
1797,18594613.470703125
1798,19210807.078125
1799,19334315.87109375
1800,20268265.138671875
1801,20490199.228515625
1802,20808284.03125
1803,18190934.61328125
1804,19782213.923828125
1805,18437487.775390625
1806,19654117.853515625
1807,19693764.748046875
1808,19022329.28515625
1809,19572124.791015625
1810,18451626.661132812
1811,16305246.115234375
1812,16814600.418945312
1813,16061461.986328125
1814,17051691.53515625
1815,16644135.569335938
1816,16435642.98046875
1817,16672586.251953125
1818,16334811.880859375
1819,16595699.672851562
1820,15714368.036132812
1821,14681566.020507812
1822,15351558.84375
1823,13894184.028320312
1824,13530522.694335938
1825,14269895.412109375
1826,13737164.387207031
1827,13625901.600585938
1828,13718292.2265625
1829,13972754.387695312
1830,12987443.435546875
1831,14488352.612304688
1832,12847984.673828125
1833,12955777.938476562
1834,12790637.934570312
1835,12707760.466796875
1836,13366851.407226562
1837,12724903.938476562
1838,12520832.413085938
1839,11866231.666015625
1840,12124267.275390625
1841,11657392.625
1842,11635661.844726562
1843,11876861.12109375
1844,11417750.070800781
1845,11247029.366210938
1846,11183556.106445312
1847,11326440.186035156
1848,11199383.416015625
1849,10561204.479492188
1850,11522100.7890625
1851,12647937.409179688
1852,12286978.457519531
1853,12132300.8671875
1854,12072386.244140625
1855,12481031.046875
1856,12116857.580078125
1857,12387372.703125
1858,12546076.6640625
1859,12177823.05859375
1860,12825643.3671875
1861,12784610.107421875
1862,13988864.744140625
1863,13277912.644042969
1864,12533215.7265625
1865,13279513.778320312
1866,13498922.818359375
1867,12851733.09765625
1868,14324359.591796875
1869,13253030.185546875
1870,14424495.373046875
1871,14613460.314453125
1872,14278339.600585938
1873,14844455.171875
1874,14814575.857421875
1875,14978713.458984375
1876,14908215.732421875
1877,15016099.03125
1878,14428712.662109375
1879,14572032.499023438
1880,14818351.258789062
1881,14254755.868164062
1882,13680311.6640625
1883,13811924.348632812
1884,13566521.326171875
1885,14043034.42578125
1886,14099126.91796875
1887,14119425.318359375
1888,13698486.91796875
1889,13895554.692382812
1890,13681171.97265625
1891,14393542.325195312
1892,13239837.2109375
1893,13742111.236328125
1894,14199217.728515625
1895,13704028.509765625
1896,14245848.724609375
1897,13543952.306640625
1898,14000150.81640625
1899,14564107.978515625
1900,14529257.551757812
1901,14728149.220703125
1902,15943924.69140625
1903,14928408.048828125
1904,15180625.306640625
1905,14965019.89453125
1906,14744016.865234375
1907,14161873.037109375
1908,14123400.794921875
1909,13601837.537109375
1910,14467076.716796875
1911,14766410.642578125
1912,14006598.2421875
1913,14431496.026367188
1914,14369692.205078125
1915,14239597.509765625
1916,15193869.69921875
1917,14495531.712890625
1918,14513157.413085938
1919,14226684.462890625
1920,13947972.622070312
1921,13207412.276367188
1922,13178191.665039062
1923,14287410.581054688
1924,13976768.65234375
1925,13240268.423828125
1926,13335157.8828125
1927,13700932.923828125
1928,12759703.71875
1929,12998889.345703125
1930,12480274.974609375
1931,11990519.754882812
1932,11856965.913085938
1933,11625933.471679688
1934,11348610.66015625
1935,11289541.9375
1936,11159124.721679688
1937,11220688.76953125
1938,10799697.333007812
1939,10150311.501953125
1940,10788875.724609375
1941,11410078.483398438
1942,11200562.10546875
1943,10790716.814453125
1944,10969860.676757812
1945,10325132.439453125
1946,10993245.072265625
1947,11699558.571289062
1948,11921487.6640625
1949,11857417.265625
1950,11426127.427734375
1951,10728547.422851562
1952,11342775.56640625
1953,11263014.267578125
1954,11416156.541015625
1955,12120985.130859375
1956,12430947.709960938
1957,12337322.4609375
1958,11442887.211914062
1959,12435476.0078125
1960,12545503.705078125
1961,12045054.827148438
1962,12195317.04296875
1963,12271483.919921875
1964,13257836.01171875
1965,12522623.024414062
1966,13585701.840820312
1967,13517295.4375
1968,13664553.314453125
1969,13762413.142578125
1970,14552925.296875
1971,13715471.876953125
1972,14187031.015625
1973,13405990.0546875
1974,14170795.58203125
1975,14555117.22265625
1976,15089388.973632812
1977,14842985.482421875
1978,13899796.859375
1979,14159355.17578125
1980,14582024.607421875
1981,14630868.944335938
1982,14269378.94921875
1983,14014359.094726562
1984,14644300.50390625
1985,14169298.06640625
1986,14027457.931640625
1987,13612996.052734375
1988,13556274.490234375
1989,13410201.456054688
1990,12748620.936523438
1991,12470241.489257812
1992,12575943.927734375
1993,13206878.685546875
1994,12800226.1484375
1995,12487694.224609375
1996,11950461.288085938
1997,12190344.5859375
1998,11910962.74609375
1999,11716989.372070312
2000,11297144.596679688
2001,11786128.0859375
2002,11920237.001953125
2003,11700590.891601562
2004,12254499.171875
2005,12305325.587890625
2006,12859075.48046875
2007,11980033.744140625
2008,11973902.0078125
2009,11893730.674804688
2010,11796529.100585938
2011,12051503.41796875
2012,11793230.55078125
2013,11717171.885742188
2014,11927744.782226562
2015,11776653.361328125
2016,12411208.598632812
2017,12152777.078125
2018,11532497.361328125
2019,11531599.15234375
2020,11051229.356445312
2021,9965896.744140625
2022,10017119.346679688
2023,9548171.6015625
2024,10202653.828125
2025,10245083.842773438
2026,9425073.903320312
2027,9560196.793945312
2028,8331290.177734375
2029,8602652.858398438
2030,8469206.205078125
2031,8926649.0546875
2032,8278204.9130859375
2033,8338195.7568359375
2034,8013471.801269531
2035,7833620.0048828125
2036,6704406.5029296875
2037,6427594.366699219
2038,6050988.630371094
2039,6218759.227783203
2040,6024989.5966796875
2041,5795767.537597656
2042,6087617.744140625
2043,6220752.443359375
2044,6336261.8291015625
2045,6412356.961425781
2046,6184400.623535156
2047,6461898.23828125
2048,6414762.16015625
2049,6708667.9150390625
2050,6728274.588378906
2051,6574351.052246094
2052,6438716.847167969
2053,6566980.765625
2054,6587123.5400390625
2055,6582284.234375
2056,6636996.802734375
2057,6445874.99609375
2058,6601184.233886719
2059,6576822.19140625
2060,7227964.2861328125
2061,7048635.803222656
2062,6919463.229980469
2063,7573262.7265625
2064,7498347.3193359375
2065,7617834.829589844
2066,7329954.9619140625
2067,7635580.4775390625
2068,7372730.2197265625
2069,7763634.0654296875
2070,7542203.5439453125
2071,8146778.0625
2072,7817806.7314453125
2073,7703642.1279296875
2074,7932989.5166015625
2075,8090619.116699219
2076,7751194.443359375
2077,7810498.9248046875
2078,7643570.81640625
2079,7958008.525878906
2080,7615926.5673828125
2081,7763685.9892578125
2082,7814269.26953125
2083,7758796.8671875
2084,7581120.5576171875
2085,7047642.706542969
2086,6613429.0654296875
2087,6777339.810058594
2088,6548676.03515625
2089,6414352.54296875
2090,6842466.984375
2091,7190327.6474609375
2092,7152669.671875
2093,7225959.8984375
2094,6985353.330078125
2095,6770102.87109375
2096,6881691.0390625
2097,7062862.0029296875
2098,7267810.413574219
2099,7321905.9931640625
2100,7151413.5029296875
2101,6964498.544433594
2102,7000740.1396484375
2103,7316374.7763671875
2104,7353111.228515625
2105,7293495.87109375
2106,7049573.78515625
2107,6834782.764160156
2108,6886529.940917969
2109,7161286.587890625
2110,7294686.6953125
2111,7356211.5107421875
2112,6921888.9228515625
2113,7001801.00390625
2114,6978462.654785156
2115,6825825.470703125
2116,6791441.0625
2117,6813591.4892578125
2118,6745945.248046875
2119,6400690.461425781
2120,6413806.528808594
2121,6452414.6513671875
2122,6190666.552734375
2123,5965891.16796875
2124,6213843.2373046875
2125,5911101.422363281
2126,5917908.9375
2127,5834430.9013671875
2128,5965368.404785156
2129,5806633.0224609375
2130,5780829.8896484375
2131,5725539.700683594
2132,5854301.134765625
2133,5525545.20703125
2134,5601898.977050781
2135,5679164.6513671875
2136,5563720.5068359375
2137,5649659.852050781
2138,5542030.926269531
2139,5632445.858886719
2140,6007213.10546875
2141,5605674.837890625
2142,5129320.943359375
2143,5499385.8837890625
2144,4814120.916015625
2145,4914740.636962891
2146,4957235.9794921875
2147,4789543.889160156
2148,4406554.5498046875
2149,4260951.652832031
2150,4362378.181152344
2151,4693500.8291015625
2152,4799914.021484375
2153,4714962.15625
2154,4798072.841308594
2155,5136096.753417969
2156,4751986.78125
2157,4801806.958496094
2158,5071769.517578125
2159,5375186.2109375
2160,5395492.992675781
2161,5467355.91796875
2162,5243590.6962890625
2163,5359883.680175781
2164,5608870.994628906
2165,5906145.474121094
2166,5626133.6533203125
2167,5473854.8388671875
2168,5615864.044921875
2169,5992850.6982421875
2170,5735435.055908203
2171,5299252.579589844
2172,5366851.23046875
2173,5212536.946777344
2174,5895784.619140625
2175,5959541.1796875
2176,5737939.818847656
2177,6034373.693359375
2178,6228108.619140625
2179,6207976.827636719
2180,6476441.5185546875
2181,6549950.160644531
2182,6473129.453613281
2183,6498413.818359375
2184,6289335.2314453125
2185,6256770.291503906
2186,6096807.764892578
2187,6236737.4384765625
2188,6500762.736328125
2189,6372360.0625
2190,6404115.388671875
2191,6200886.503417969
2192,6076211.693847656
2193,6448450.810546875
2194,6316152.943359375
2195,6718169.563964844
2196,6934997.28125
2197,7119537.669921875
2198,7231966.100097656
2199,7212690.3515625
2200,7277881.4736328125
2201,7622563.791015625
2202,7977837.2822265625
2203,8132543.379394531
2204,8310898.3994140625
2205,8296828.3837890625
2206,8980733.995117188
2207,9847859.385742188
2208,10097512.296875
2209,10534879.845703125
2210,9989939.802734375
2211,9953313.818359375
2212,9817755.958007812
2213,9851413.206054688
2214,10128532.456542969
2215,10310612.614257812
2216,10851618.548828125
2217,10527794.25390625
2218,11110444.325195312
2219,11829400.919921875
2220,12212546.422851562
2221,11485763.5859375
2222,10827349.888671875
2223,11455004.766601562
2224,12033053.463867188
2225,12378238.0078125
2226,11831738.1171875
2227,12745975.744140625
2228,12255803.462890625
2229,12590299.37890625
2230,12583479.57421875
2231,12383582.586914062
2232,12774340.833007812
2233,12137572.611328125
2234,13769366.24609375
2235,13693906.0703125
2236,13737596.6015625
2237,14047087.634765625
2238,14433981.275390625
2239,13857921.369140625
2240,14227851.68359375
2241,13026671.741210938
2242,13478781.017578125
2243,13591371.830078125
2244,13724629.5546875
2245,13242167.251953125
2246,13779410.915039062
2247,13520860.500976562
2248,13453338.782226562
2249,12709978.487304688
2250,12652564.41015625
2251,12625616.384765625
2252,12790046.956054688
2253,13010277.120117188
2254,12141067.119140625
2255,12342594.501953125
2256,11936413.426757812
2257,11770562.63671875
2258,11564975.065917969
2259,11887310.94921875
2260,11681992.365234375
2261,12252117.171875
2262,12949101.537109375
2263,12127456.899414062
2264,12307837.177734375
2265,11872005.030273438
2266,11548639.22265625
2267,11214378.642578125
2268,11480364.751953125
2269,12296440.005859375
2270,11327121.350585938
2271,11636941.041015625
2272,11463576.748046875
2273,11738674.793945312
2274,11755116.183105469
2275,11851189.069335938
2276,11514620.326171875
2277,11277965.067382812
2278,10671745.684570312
2279,10520590.294921875
2280,10924125.856445312
2281,10706731.798828125
2282,10726763.940429688
2283,10516891.948242188
2284,10702666.55078125
2285,10891337.439453125
2286,11019691.977539062
2287,10528696.235351562
2288,10389532.513671875
2289,11289489.51953125
2290,10806974.217285156
2291,10966659.708984375
2292,11153626.528320312
2293,11249290.318359375
2294,10893087.394042969
2295,11220829.0078125
2296,10793394.1484375
2297,10803561.228515625
2298,10833823.463867188
2299,10808504.2109375
2300,10390484.060546875
2301,10737350.506835938
2302,11256376.114257812
2303,10916597.295898438
2304,10694887.779296875
2305,10713756.307617188
2306,10420849.1796875
2307,11022146.845703125
2308,10154733.005859375
2309,9872292.483398438
2310,10300741.46875
2311,9867241.283203125
2312,9706485.26953125
2313,9260423.099609375
2314,10691861.75
2315,10956184.004882812
2316,10557593.06640625
2317,11043224.62890625
2318,10771261.6796875
2319,10883501.561523438
2320,10277307.685546875
2321,11270173.774414062
2322,10764528.859375
2323,10388581.327636719
2324,10668372.799804688
2325,11470082.083007812
2326,10772985.723632812
2327,11477651.712890625
2328,10695009.000488281
2329,11370698.75390625
2330,11293288.682617188
2331,10732557.447265625
2332,10452742.740234375
2333,11034914.517578125
2334,10889063.461914062
2335,11336810.640625
2336,10698224.915039062
2337,10650504.708007812
2338,11338864.534179688
2339,10781396.952148438
2340,10226430.34375
2341,10189229.115234375
2342,10213130.936523438
2343,10630373.764648438
2344,11224255.737304688
2345,10942619.4609375
2346,10934726.904296875
2347,11525220.745117188
2348,10962650.879882812
2349,10937758.403320312
2350,11147359.850585938
2351,11071799.221679688
2352,11940087.489257812
2353,11432577.704101562
2354,11516457.817382812
2355,12175640.822265625
2356,12021435.8359375
2357,11947264.054199219
2358,11989531.467773438
2359,12356222.541015625
2360,12633059.827148438
2361,12849054.537109375
2362,13892772.642578125
2363,13182144.291015625
2364,12699171.888671875
2365,12441879.388671875
2366,13902757.658203125
2367,14274153.025390625
2368,13929726.487304688
2369,12911995.7578125
2370,11997629.138671875
2371,12028481.643554688
2372,12526348.9140625
2373,11313056.046875
2374,11422178.603515625
2375,11644069.45703125
2376,11771552.93359375
2377,11660233.037109375
2378,11659192.53125
2379,11288323.401367188
2380,11875882.875
2381,11294034.682617188
2382,11644215.985351562
2383,11225062.38671875
2384,11903144.333984375
2385,11881508.930664062
2386,11363142.076171875
2387,11304733.546875
2388,11665284.916992188
2389,11275286.919921875
2390,11632197.46875
2391,11797306.979492188
2392,11937846.935546875
2393,12328024.219726562
2394,11736427.791992188
2395,11609862.486328125
2396,11159823.709960938
2397,11083993.666015625
2398,11919494.357421875
2399,11536429.870117188
2400,11944356.166015625
2401,11836921.189941406
2402,12692761.55078125
2403,12032991.232421875
2404,11758467.9375
2405,11731146.930664062
2406,11386090.783203125
2407,11432949.826171875
2408,11319576.966796875
2409,11212400.129882812
2410,10781654.790039062
2411,11170267.124023438
2412,11499234.4921875
2413,11413715.0859375
2414,11312463.073242188
2415,12017587.834960938
2416,11416341.713867188
2417,10962759.276367188
2418,11097104.373046875
2419,10679607.193359375
2420,10297795.596679688
2421,10427719.609375
2422,10884886.655273438
2423,9972950.549804688
2424,10343421.525390625
2425,9668264.897460938
2426,9680500.62109375
2427,9892716.533203125
2428,9718149.256835938
2429,9349532.936523438
2430,9576045.455078125
2431,9426911.803710938
2432,9039127.859375
2433,8460069.326171875
2434,8506257.370117188
2435,8274968.0546875
2436,8104440.6796875
2437,7964668.041015625
2438,8203587.5185546875
2439,8334531.1728515625
2440,8507627.057617188
2441,8452409.46484375
2442,7812273.4306640625
2443,7734285.59765625
2444,7712703.5146484375
2445,8097555.6201171875
2446,8094572.3583984375
2447,7402477.0859375
2448,7721230.098144531
2449,7341417.7265625
2450,7351198.9091796875
2451,7285941.392089844
2452,7626223.322265625
2453,7581910.697753906
2454,7616958.742675781
2455,7374752.7783203125
2456,7173884.6337890625
2457,7277023.607421875
2458,7232106.2236328125
2459,7463413.1982421875
2460,7571853.5634765625
2461,7281943.001953125
2462,7009902.150878906
2463,7381865.173828125
2464,7261921.0703125
2465,7645992.810546875
2466,7685704.486328125
2467,7681009.88671875
2468,7435657.9853515625
2469,8034403.0458984375
2470,8138875.1796875
2471,7968941.8310546875
2472,8046975.1572265625
2473,7916728.5380859375
2474,8072244.0087890625
2475,7926748.705078125
2476,7805819.3037109375
2477,7719906.825683594
2478,7980010.062011719
2479,8069138.23046875
2480,8000887.869628906
2481,7790722.283203125
2482,7971319.548828125
2483,8110606.196777344
2484,7926692.910644531
2485,8086767.005859375
2486,8389360.249023438
2487,8332626.1591796875
2488,8751943.104492188
2489,8770115.733398438
2490,9266182.3828125
2491,9888655.061523438
2492,9929363.303710938
2493,10068614.040039062
2494,10422999.814453125
2495,11003987.458984375
2496,10722184.645507812
2497,11299430.829101562
2498,11471243.349609375
2499,11524809.743164062
2500,11266342.580078125
2501,11357155.0859375
2502,11804090.994140625
2503,12431321.15234375
2504,12024342.8203125
2505,12214599.267578125
2506,11819425.005859375
2507,12811748.858398438
2508,12505956.833007812
2509,12738525.876953125
2510,13021777.958984375
2511,12533059.434570312
2512,13415877.060546875
2513,13072970.20703125
2514,14216570.3359375
2515,14676812.23046875
2516,14863465.38671875
2517,14163173.23828125
2518,14587591.30859375
2519,14482333.951171875
2520,13705092.563476562
2521,13991851.931640625
2522,14481476.514648438
2523,14818969.837890625
2524,15335678.297851562
2525,15749404.841796875
2526,15504650.299804688
2527,15471825.336914062
2528,15910111.982421875
2529,16702084.025390625
2530,16640126.572265625
2531,15876013.629882812
2532,17210119.1015625
2533,18139024.48828125
2534,17196414.318359375
2535,17664965.45703125
2536,18277675.04296875
2537,16868717.99609375
2538,17438455.37109375
2539,17899126.544921875
2540,17846754.955078125
2541,17359837.349609375
2542,17246624.94921875
2543,17504428.689453125
2544,17144824.044921875
2545,16567621.87109375
2546,16714154.662109375
2547,16526131.911132812
2548,15870774.897460938
2549,16270983.248046875
2550,16177131.57421875
2551,16124166.9609375
2552,15465015.8828125
2553,16252424.37109375
2554,15883971.0859375
2555,17007504.0703125
2556,17005805.0703125
2557,16343598.794921875
2558,16271690.037109375
2559,16066767.56640625
2560,16052597.7578125
2561,15778038.595703125
2562,16532230.052734375
2563,15358557.2109375
2564,14876632.734375
2565,15540501.70703125
2566,15111251.064453125
2567,14904386.734375
2568,15000663.177734375
2569,14689888.66015625
2570,14543906.416015625
2571,14393949.840820312
2572,13856617.431640625
2573,14179020.8046875
2574,12998418.6875
2575,13616095.842773438
2576,13350901.6875
2577,12899659.638671875
2578,13054302.140625
2579,13481226.083984375
2580,13787522.827148438
2581,13612944.2265625
2582,13259036.642578125
2583,13061611.8671875
2584,13459842.994140625
2585,13161941.466796875
2586,12870598.165039062
2587,14005197.46484375
2588,13765504.056640625
2589,12816379.828125
2590,13077183.700195312
2591,12728828.677734375
2592,12764563.328125
2593,12687350.09765625
2594,12143758.46484375
2595,11757523.061523438
2596,11690562.1484375
2597,12081214.642578125
2598,11909117.783203125
2599,11389957.03125
2600,11501047.848632812
2601,11457728.362304688
2602,10298563.348632812
2603,10446300.970703125
2604,10413159.485351562
2605,10274601.724609375
2606,10134951.73046875
2607,9853936.704101562
2608,10069645.41796875
2609,9514474.19140625
2610,9491572.971679688
2611,9925387.60546875
2612,9268352.653320312
2613,8997966.409179688
2614,8952692.934570312
2615,9118861.904296875
2616,8962770.248046875
2617,8912806.4609375
2618,8701325.200195312
2619,9070701.508789062
2620,9040492.239257812
2621,9043410.584960938
2622,8755758.437011719
2623,8518087.12890625
2624,8659668.336914062
2625,8615492.095703125
2626,8624352.217773438
2627,8415205.141113281
2628,8497543.138671875
2629,8518220.020507812
2630,8175030.4072265625
2631,8114697.693359375
2632,8235834.9990234375
2633,7998873.013671875
2634,8196769.3916015625
2635,7674548.7568359375
2636,7096583.056640625
2637,7329731.998046875
2638,7521622.477050781
2639,7067992.975097656
2640,7732889.2177734375
2641,7385486.1142578125
2642,7571942.4072265625
2643,7386386.4189453125
2644,7446979.509765625
2645,7327671.3271484375
2646,7605783.83203125
2647,7329775.4404296875
2648,6996475.5068359375
2649,7206974.880859375
2650,6834735.771484375
2651,6939338.7080078125
2652,7106507.3232421875
2653,7017493.6552734375
2654,6959437.546875
2655,6964932.20703125
2656,6821041.1005859375
2657,7052986.6640625
2658,6838851.7109375
2659,7113483.349609375
2660,6750804.3408203125
2661,6464341.7861328125
2662,6438653.3291015625
2663,6518011.187988281
2664,6454817.0927734375
2665,6614276.46875
2666,6332057.5185546875
2667,6376433.392089844
2668,6219005.061035156
2669,6252446.8525390625
2670,6108708.281738281
2671,5989275.076660156
2672,6058352.8203125
2673,6249474.845703125
2674,6160774.6650390625
2675,5927969.3583984375
2676,6135412.527832031
2677,5812426.2265625
2678,5771104.712890625
2679,6180158.640136719
2680,5752718.358154297
2681,5817256.455078125
2682,5707348.20703125
2683,5753810.064941406
2684,5982564.705566406
2685,6005967.7900390625
2686,5865049.626953125
2687,5875015.798339844
2688,6208082.1015625
2689,6147539.0048828125
2690,5975231.964355469
2691,6236339.109863281
2692,6134558.823730469
2693,6573810.220703125
2694,6194574.63671875
2695,7062776.005859375
2696,7434503.762207031
2697,7399450.2060546875
2698,7624642.3310546875
2699,7182044.095703125
2700,7712390.931640625
2701,7625128.272949219
2702,7027186.5673828125
2703,7584804.1787109375
2704,7512751.2275390625
2705,7610168.114746094
2706,8081604.4609375
2707,7889367.759765625
2708,8307084.899902344
2709,8233239.560546875
2710,8611568.568359375
2711,8663013.317382812
2712,8789098.379882812
2713,8638036.373046875
2714,8966706.901367188
2715,8379221.5283203125
2716,9085580.869140625
2717,8669382.28515625
2718,8545427.640136719
2719,9045239.9453125
2720,8650938.303710938
2721,8160802.396484375
2722,8328270.3115234375
2723,8544988.271484375
2724,8278694.0185546875
2725,8248904.716796875
2726,8176169.683105469
2727,8156348.5166015625
2728,8498866.755859375
2729,8025340.390625
2730,7894446.930175781
2731,7502813.322265625
2732,7576085.6513671875
2733,7571236.1650390625
2734,7012412.373046875
2735,7165884.7021484375
2736,7185253.135253906
2737,7235773.759277344
2738,7093883.758300781
2739,6988911.19921875
2740,7015445.0654296875
2741,7031225.265625
2742,7003188.630859375
2743,6656634.47265625
2744,6725066.1064453125
2745,6860680.635253906
2746,6840585.705566406
2747,6530148.458496094
2748,6488814.626464844
2749,6566049.836425781
2750,6726868.551269531
2751,6315867.124511719
2752,6289177.058105469
2753,7015093.6298828125
2754,6690908.6533203125
2755,6780890.4921875
2756,6347009.907714844
2757,6939662.3681640625
2758,6752353.2685546875
2759,6369141.536621094
2760,6390118.408691406
2761,6435879.4501953125
2762,6323875.681640625
2763,6905373.3701171875
2764,6431971.5322265625
2765,6328013.5498046875
2766,7088303.230957031
2767,7134940.8955078125
2768,6909671.995605469
2769,6951818.140136719
2770,6890041.9169921875
2771,6656107.227783203
2772,6201656.003173828
2773,6003659.533691406
2774,6034940.3896484375
2775,5771538.048339844
2776,5514122.032714844
2777,5540945.063232422
2778,5503608.785644531
2779,5253214.406738281
2780,5385045.6220703125
2781,5701427.619140625
2782,5962288.776611328
2783,5815383.115722656
2784,5057245.6181640625
2785,5385462.325683594
2786,5315144.8134765625
2787,5140213.046386719
2788,6709589.852050781
2789,6390681.560058594
2790,5985661.307128906
2791,6048998.9404296875
2792,5880664.709716797
2793,5749664.2490234375
2794,6141814.3779296875
2795,5917989.4912109375
2796,5522584.129394531
2797,5965935.75
2798,6085083.810058594
2799,6080746.40625
2800,6015242.236328125
2801,6594421.890136719
2802,6606896.052734375
2803,6785784.933105469
2804,6459182.957519531
2805,7736047.784667969
2806,7687768.4267578125
2807,7987010.6650390625
2808,8163934.8251953125
2809,8294710.0146484375
2810,8484768.151367188
2811,8688977.264648438
2812,8340921.006347656
2813,8814032.1953125
2814,8391703.723632812
2815,7882046.16796875
2816,8494114.385742188
2817,8231801.31640625
2818,8394805.353515625
2819,8399641.104492188
2820,8553795.478515625
2821,9017931.372070312
2822,8587692.104980469
2823,9318782.311523438
2824,10064622.803710938
2825,9354488.409179688
2826,9212954.59765625
2827,9269196.302734375
2828,9406108.172851562
2829,9939872.015625
2830,9611217.16796875
2831,9677012.126464844
2832,9803147.560546875
2833,9487499.634765625
2834,9501082.935546875
2835,9685723.901367188
2836,8978260.040039062
2837,9325077.568359375
2838,9625116.181640625
2839,9392086.594726562
2840,9444950.89453125
2841,9560976.744140625
2842,9139505.18359375
2843,8808082.987304688
2844,9511339.313476562
2845,9619222.814453125
2846,9664667.401367188
2847,9447129.291992188
2848,9215984.813476562
2849,9236870.938476562
2850,9604552.287109375
2851,9296680.301757812
2852,8889332.551757812
2853,9534170.021484375
2854,9408759.615234375
2855,9050267.425292969
2856,9515145.80078125
2857,8724453.305664062
2858,8689428.500976562
2859,8403773.822265625
2860,8246566.7041015625
2861,8893964.004882812
2862,8941758.349609375
2863,9050260.923828125
2864,9662709.991210938
2865,8916588.974609375
2866,9682926.625976562
2867,9100333.508789062
2868,9018402.319335938
2869,8751171.443359375
2870,8913704.925292969
2871,8818692.798828125
2872,9123195.500976562
2873,9062161.208007812
2874,9265644.405273438
2875,8764304.139648438
2876,8677175.544921875
2877,8664596.989257812
2878,8663662.154296875
2879,8998976.780273438
2880,8760506.615234375
2881,8275822.103515625
2882,8659953.33203125
2883,8895799.473388672
2884,8464082.553710938
2885,8067878.8818359375
2886,7507584.4111328125
2887,7699169.109375
2888,7425566.6943359375
2889,7434081.492675781
2890,7215203.6474609375
2891,7573972.982421875
2892,7805772.408203125
2893,7357689.432128906
2894,7656041.1318359375
2895,7771794.466796875
2896,7766408.755859375
2897,7605643.1328125
2898,7612150.0927734375
2899,7491128.396972656
2900,7857437.5
2901,7224030.78125
2902,7984341.3818359375
2903,7171793.986328125
2904,7273668.33984375
2905,7160298.138183594
2906,7077040.020996094
2907,7428673.761230469
2908,7097195.4853515625
2909,7080867.990722656
2910,7529669.099609375
2911,7171389.876464844
2912,7506850.099121094
2913,7335829.5673828125
2914,7935096.296875
2915,7562513.63671875
2916,7503217.0849609375
2917,8003233.392578125
2918,7437166.284667969
2919,7445898.5107421875
2920,7431061.453613281
2921,7139178.847167969
2922,8047108.4462890625
2923,7652200.187988281
2924,7766331.268066406
2925,7176809.556640625
2926,6879501.5341796875
2927,7574522.2060546875
2928,7899790.429931641
2929,7132855.4072265625
2930,6558647.892089844
2931,6946126.008300781
2932,7166034.125488281
2933,7088801.759765625
2934,6881202.350097656
2935,7547970.30078125
2936,9146207.309570312
2937,8998080.344726562
2938,9123427.802734375
2939,10031513.216796875
2940,9890342.6640625
2941,9899371.177734375
2942,10885976.998046875
2943,10368674.274414062
2944,10828026.106445312
2945,11124650.232421875
2946,10922866.08984375
2947,10328825.565429688
2948,11437753.044921875
2949,10796793.510742188
2950,11012656.436523438
2951,11093537.841796875
2952,10804338.9765625
2953,11399311.307617188
2954,11277674.1171875
2955,11459802.548828125
2956,11153492.1484375
2957,10969428.981445312
2958,11038753.495117188
2959,11201569.413085938
2960,10630789.216796875
2961,11578548.8515625
2962,11679611.717773438
2963,11077753.833007812
2964,11365028.97265625
2965,10933196.1875
2966,11430305.458984375
2967,11229631.192382812
2968,11889019.731445312
2969,12164686.390625
2970,12672008.266601562
2971,12939081.861328125
2972,12627628.068359375
2973,13012053.146484375
2974,13461695.88671875
2975,13080992.02734375
2976,12696147.526367188
2977,12889493.431640625
2978,12068172.2421875
2979,12282417.986328125
2980,13367495.36328125
2981,13014082.57421875
2982,12491882.955078125
2983,12489296.280273438
2984,12547929.140625
2985,12386503.258789062
2986,12384454.887695312
2987,12042922.840820312
2988,12834369.662109375
2989,12631185.0390625
2990,12986174.416992188
2991,12700804.568359375
2992,12947743.943359375
2993,11693769.939453125
2994,12581419.326171875
2995,12606903.458007812
2996,13395800.747070312
2997,13486035.887695312
2998,13559146.74609375
2999,13030961.052734375
3000,13490635.000976562
